{
  "type": "Microsoft.Authorization/policyDefinitions",
  "name": "add_replace_resource_group_tag_key_modify",
  "properties": {
    "metadata": {
      "category": "Tags"
    },
    "parameters": {
      "effect": {
        "type": "String",
        "defaultValue": "Modify",
        "allowedValues": [
          "Modify",
          "Disabled"
        ],
        "metadata": {
          "displayName": "Effect",
          "description": "The effect determines what happens when the policy rule is evaluated to match"
        }
      }
    },
    "policyRule": {
      "if": {
        "allOf": [
          {
            "field": "type",
            "equals": "Microsoft.Resources/subscriptions/resourceGroups"
          },
          {
            "field": "tags['Owner']",
            "exists": "false"
          },
          {
            "field": "tags['Team']",
            "exists": "false"
          },
          {
            "field": "tags['CostCenter']",
            "exists": "false"
          },
          {
            "value": "[less(length(field('tags')), 3)]",
            "equals": "true"
          }
        ]
      },
      "then": {
        "effect": "[parameters('effect')]",
        "details": {
          "roleDefinitionIds": [
            "/providers/microsoft.authorization/roleDefinitions/4a9ae827-6dc8-4573-8ac7-8239d42aa03f"
          ],
          "operations": [
            {
              "operation": "addOrReplace",
              "field": "tags['Owner']",
              "value": "<>"
            },
            {
              "operation": "addOrReplace",
              "field": "tags['Team']",
              "value": "<>"
            },
            {
              "operation": "addOrReplace",
              "field": "tags['CostCenter']",
              "value": "<>"
            }
          ]
        }
      }
    }
  }
}
