{
  "type": "Microsoft.Authorization/policyDefinitions",
  "name": "inherit_resource_group_tags_append",
  "properties": {
    "metadata": {
      "category": "Tags"
    },
    "parameters": {
      "tagName": {
        "type": "String",
        "metadata": {
          "displayName": "Tag Name",
          "description": "Name of the tag, such as 'environment'"
        }
      },
      "effect": {
        "type": "String",
        "defaultValue": "Append",
        "allowedValues": [
          "Append",
          "Disabled"
        ],
        "metadata": {
          "displayName": "Effect",
          "description": "The effect determines what happens when the policy rule is evaluated to match"
        }
      }
    },
    "policyRule": {
      "if": {
        "allOf": [
          {
            "field": "[concat('tags[', parameters('tagName'), ']')]",
            "exists": "false"
          },
          {
            "value": "[resourceGroup().tags[parameters('tagName')]]",
            "notEquals": ""
          }
        ]
      },
      "then": {
        "effect": "[parameters('effect')]",
        "details": [
          {
            "field": "[concat('tags[', parameters('tagName'), ']')]",
            "value": "[resourceGroup().tags[parameters('tagName')]]"
          }
        ]
      }
    }
  }
}
