{
  "type": "Microsoft.Authorization/policyDefinitions",
  "name": "require_resource_group_tags",
  "properties": {
    "metadata": {
      "category": "Tags"
    },
    "parameters": {
      "tagName": {
        "type": "String",
        "metadata": {
          "displayName": "Tag Name",
          "description": "Name of the tag, such as 'environment'"
        }
      },
      "effect": {
        "type": "String",
        "defaultValue": "Audit",
        "allowedValues": [
          "Audit",
          "Deny",
          "Disabled"
        ],
        "metadata": {
          "displayName": "Effect",
          "description": "The effect determines what happens when the policy rule is evaluated to match"
        }
      }
    },
    "policyRule": {
      "if": {
        "allOf": [
          {
            "field": "type",
            "equals": "Microsoft.Resources/subscriptions/resourceGroups"
          },
          {
            "field": "[concat('tags[', parameters('tagName'), ']')]",
            "exists": "false"
          }
        ]
      },
      "then": {
        "effect": "[parameters('effect')]"
      }
    }
  }
}
