ME-MngEnvMCAP735859-emlain-5	cc4bf49e-3356-4bf3-b58e-5ff17ead8c43
ME-MngEnvMCAP735859-emlain-4	3a6efb46-258e-43ca-9d0c-679f1ca66205
ME-MngEnvMCAP735859-emlain-6	12e6157f-c39a-44bd-b512-9e09e0bce344
ME-MngEnvMCAP735859-emlain-1	8d147c15-dca7-4066-9d30-803f1231d43b
ME-MngEnvMCAP735859-emlain-7	c0edb6e1-97d4-4522-82db-12ec09be2073
ME-MngEnvMCAP735859-emlain-3	eb593679-7439-4f1c-b8a8-8347ee1e702e
ME-MngEnvMCAP735859-emlain-2	e5624d68-a653-4b33-81c1-51b1ea3dc314
ME-MngEnvMCAP735859-emlain-9	9ef37149-29bd-42d6-b877-2e38d777e67f
ME-MngEnvMCAP735859-emlain-10	5a3e7a45-8f0a-4cb3-aef2-38d3c6a9bd07
ME-MngEnvMCAP735859-emlain-8	290fbcf1-a03e-49b5-8fc2-b655a3f9384f
